Date;Open;High;Low;Close ;Adj Close ;Volume
Apr 5, 2025;83,852.82;84,183.31;83,487.50;83,879.98;83,879.98;43,540,676,608
Apr 3, 2025;82,487.48;83,909.30;81,282.10;83,102.83;83,102.83;36,852,112,080
Apr 2, 2025;85,180.61;88,466.95;82,343.54;82,485.71;82,485.71;47,584,398,470
Apr 1, 2025;82,551.92;85,487.37;82,429.36;85,169.17;85,169.17;28,175,650,319
Mar 31, 2025;82,336.06;83,870.13;81,293.89;82,548.91;82,548.91;29,004,228,247
Mar 30, 2025;82,596.98;83,505.00;81,573.25;82,334.52;82,334.52;14,763,760,943
Mar 29, 2025;84,352.07;84,567.34;81,634.14;82,597.59;82,597.59;16,969,396,135
Mar 28, 2025;87,185.23;87,489.86;83,557.64;84,353.15;84,353.15;34,198,619,509
Mar 27, 2025;86,896.26;87,786.73;85,837.94;87,177.10;87,177.10;24,413,471,941
Mar 26, 2025;87,460.23;88,292.16;85,861.45;86,900.88;86,900.88;26,704,046,038
Mar 25, 2025;87,512.82;88,542.40;86,346.08;87,471.70;87,471.70;30,005,840,049
Mar 24, 2025;86,070.93;88,758.73;85,541.20;87,498.91;87,498.91;34,582,604,933
Mar 23, 2025;83,831.90;86,094.78;83,794.91;86,054.38;86,054.38;12,594,615,537
Mar 22, 2025;84,046.26;84,513.88;83,674.78;83,832.48;83,832.48;9,863,214,091
Mar 21, 2025;84,164.54;84,782.27;83,171.07;84,043.24;84,043.24;19,030,452,299
Mar 20, 2025;86,872.95;87,443.27;83,647.20;84,167.20;84,167.20;29,028,988,961
Mar 19, 2025;82,718.80;87,021.19;82,569.73;86,854.23;86,854.23;34,931,960,257
Mar 18, 2025;84,075.72;84,075.72;81,179.99;82,718.50;82,718.50;24,095,774,594
Mar 17, 2025;82,576.34;84,725.33;82,492.16;84,075.69;84,075.69;25,092,785,558
Mar 16, 2025;84,333.32;85,051.60;82,017.91;82,579.69;82,579.69;21,330,270,174
Mar 15, 2025;83,968.41;84,672.67;83,639.59;84,343.11;84,343.11;13,650,491,277
Mar 14, 2025;81,066.99;85,263.29;80,797.56;83,969.10;83,969.10;29,588,112,414
Mar 13, 2025;83,724.92;84,301.70;79,931.85;81,066.70;81,066.70;31,412,940,153
Mar 12, 2025;82,857.38;84,358.58;80,635.25;83,722.36;83,722.36;40,353,484,454
Mar 11, 2025;78,523.88;83,577.76;76,624.25;82,862.21;82,862.21;54,702,837,196
Mar 10, 2025;80,597.15;83,955.93;77,420.59;78,532.00;78,532.00;54,061,099,422
Mar 9, 2025;86,154.30;86,471.13;80,052.48;80,601.04;80,601.04;30,899,345,977
Mar 8, 2025;86,742.66;86,847.27;85,247.48;86,154.59;86,154.59;18,206,118,081
Mar 7, 2025;89,963.28;91,191.05;84,717.68;86,742.67;86,742.67;65,945,677,657
Mar 6, 2025;90,622.36;92,804.94;87,852.14;89,961.73;89,961.73;47,749,810,486
Mar 5, 2025;87,222.95;90,998.24;86,379.77;90,623.56;90,623.56;50,498,988,027
Mar 4, 2025;86,064.07;88,911.27;81,529.24;87,222.20;87,222.20;68,095,241,474
Mar 3, 2025;94,248.42;94,429.75;85,081.30;86,065.67;86,065.67;70,072,228,536
Mar 2, 2025;86,036.26;95,043.44;85,040.21;94,248.35;94,248.35;58,398,341,092
Mar 1, 2025;84,373.87;86,522.30;83,794.23;86,031.91;86,031.91;29,190,628,396
Feb 28, 2025;84,705.63;85,036.32;78,248.91;84,373.01;84,373.01;83,610,570,576
Feb 27, 2025;84,076.86;87,000.78;83,144.96;84,704.23;84,704.23;52,659,591,954
Feb 26, 2025;88,638.89;89,286.25;82,131.90;84,347.02;84,347.02;64,597,492,134
Feb 25, 2025;91,437.12;92,511.08;86,008.23;88,736.17;88,736.17;92,139,104,128
Feb 24, 2025;96,277.96;96,503.45;91,371.74;91,418.17;91,418.17;44,046,480,529
Feb 23, 2025;96,577.80;96,671.88;95,270.45;96,273.92;96,273.92;16,999,478,976
Feb 22, 2025;96,134.20;96,950.16;95,765.34;96,577.76;96,577.76;18,353,824,477
Feb 21, 2025;98,340.67;99,497.97;94,852.96;96,125.55;96,125.55;49,608,706,470
Feb 20, 2025;96,632.68;98,767.20;96,442.67;98,333.94;98,333.94;31,668,022,771
Feb 19, 2025;95,532.53;96,855.59;95,011.97;96,635.61;96,635.61;28,990,872,862
Feb 18, 2025;95,773.81;96,695.38;93,388.84;95,539.55;95,539.55;37,325,720,482
Feb 17, 2025;96,179.01;97,032.23;95,243.55;95,773.38;95,773.38;27,336,550,690
Feb 16, 2025;97,580.49;97,725.59;96,060.98;96,175.03;96,175.03;16,536,755,396
Feb 15, 2025;97,508.38;97,975.04;97,240.20;97,580.35;97,580.35;17,047,266,288
Feb 14, 2025;96,623.37;98,819.47;96,342.80;97,508.97;97,508.97;32,697,987,277
Feb 13, 2025;97,888.75;98,111.09;95,269.71;96,623.87;96,623.87;37,147,280,860
Feb 12, 2025;95,745.70;98,151.02;94,101.20;97,885.86;97,885.86;49,340,445,530
Feb 11, 2025;97,438.13;98,492.90;94,875.04;95,747.43;95,747.43;37,488,783,272
Feb 10, 2025;96,499.46;98,333.22;95,320.84;97,437.55;97,437.55;40,078,962,391
Feb 9, 2025;96,481.31;97,325.28;94,745.26;96,500.09;96,500.09;27,732,901,800
Feb 8, 2025;96,533.26;96,877.80;95,702.49;96,482.45;96,482.45;22,447,526,395
Feb 7, 2025;96,581.32;100,154.14;95,653.88;96,529.09;96,529.09;55,741,290,456
Feb 6, 2025;96,610.64;99,168.61;95,707.35;96,593.30;96,593.30;45,302,471,947
Feb 5, 2025;97,878.01;99,113.21;96,174.83;96,615.45;96,615.45;49,125,911,241
Feb 4, 2025;101,398.72;101,745.62;96,208.11;97,871.82;97,871.82;73,002,130,211
Feb 3, 2025;97,681.10;102,514.17;91,242.89;101,405.42;101,405.42;115,400,897,748
Feb 2, 2025;100,661.54;101,430.66;96,216.08;97,688.98;97,688.98;63,091,816,853
Feb 1, 2025;102,402.80;102,755.73;100,297.71;100,655.91;100,655.91;27,757,944,848
Jan 31, 2025;104,737.56;106,026.35;101,543.88;102,405.02;102,405.02;45,732,764,360
Jan 30, 2025;103,709.34;106,418.77;103,321.65;104,735.30;104,735.30;41,915,744,521
Jan 29, 2025;101,317.52;104,750.80;101,283.82;103,703.21;103,703.21;47,432,049,818
Jan 28, 2025;102,095.41;103,730.82;100,238.19;101,332.48;101,332.48;47,180,685,494
Jan 27, 2025;102,680.30;103,214.11;97,795.94;102,087.69;102,087.69;89,006,608,428
Jan 26, 2025;104,713.21;105,438.65;102,507.71;102,682.50;102,682.50;22,543,395,879
Jan 25, 2025;104,824.03;105,243.79;104,120.38;104,714.65;104,714.65;23,888,996,502
Jan 24, 2025;103,965.67;107,098.55;102,772.13;104,819.48;104,819.48;52,388,229,265
Jan 23, 2025;103,657.67;106,820.33;101,257.80;103,960.17;103,960.17;104,104,515,428
Jan 22, 2025;106,136.38;106,294.34;103,360.27;103,653.07;103,653.07;53,878,181,052
Jan 21, 2025;102,052.58;107,180.92;100,103.95;106,146.27;106,146.27;88,733,878,242
Jan 20, 2025;101,083.75;109,114.88;99,471.36;102,016.66;102,016.66;126,279,678,351
Jan 19, 2025;104,411.29;106,299.80;99,570.53;101,089.61;101,089.61;76,789,928,525
Jan 18, 2025;104,124.95;104,913.20;102,226.62;104,408.07;104,408.07;50,445,655,726
Jan 17, 2025;100,025.77;105,884.23;99,948.91;104,462.04;104,462.04;71,888,972,663
Jan 16, 2025;100,505.30;100,781.59;97,364.45;99,756.91;99,756.91;54,103,781,805
Jan 15, 2025;96,534.05;100,697.23;96,501.64;100,504.49;100,504.49;57,805,923,627
Jan 14, 2025;94,519.01;97,352.66;94,322.16;96,534.05;96,534.05;53,769,675,818
Jan 13, 2025;94,488.89;95,837.00;89,260.10;94,516.52;94,516.52;72,978,998,252
Jan 12, 2025;94,565.73;95,367.54;93,712.51;94,488.44;94,488.44;20,885,130,965
Jan 11, 2025;94,700.84;94,977.69;93,840.05;94,566.59;94,566.59;18,860,894,100
Jan 10, 2025;92,494.49;95,770.61;92,250.09;94,701.45;94,701.45;62,058,693,684
Jan 9, 2025;95,043.48;95,349.72;91,220.84;92,484.04;92,484.04;62,777,261,693
Jan 8, 2025;96,924.16;97,258.32;92,525.84;95,043.52;95,043.52;63,875,859,171
Jan 7, 2025;102,248.85;102,712.48;96,132.88;96,922.70;96,922.70;58,685,738,547
Jan 6, 2025;98,314.95;102,482.88;97,926.15;102,078.09;102,078.09;51,823,432,705
Jan 5, 2025;98,233.91;98,813.30;97,291.77;98,314.96;98,314.96;20,525,254,825
Jan 4, 2025;98,106.99;98,734.43;97,562.98;98,236.23;98,236.23;22,342,608,078
Jan 3, 2025;96,881.73;98,956.91;96,034.62;98,107.43;98,107.43;35,611,391,163
Jan 2, 2025;94,416.29;97,739.82;94,201.57;96,886.88;96,886.88;46,009,564,411
Jan 1, 2025;93,425.10;94,929.87;92,788.13;94,419.76;94,419.76;24,519,888,919
Dec 31, 2024;92,643.25;96,090.60;91,914.03;93,429.20;93,429.20;43,625,106,843
Dec 30, 2024;93,527.20;94,903.32;91,317.13;92,643.21;92,643.21;56,188,003,691
Dec 29, 2024;95,174.05;95,174.88;92,881.79;93,530.23;93,530.23;29,635,885,267
Dec 28, 2024;94,160.19;95,525.90;94,014.29;95,163.93;95,163.93;24,107,436,185
Dec 27, 2024;95,704.98;97,294.84;93,310.74;94,164.86;94,164.86;52,419,934,565
Dec 26, 2024;99,297.70;99,884.57;95,137.88;95,795.52;95,795.52;47,054,980,873
Dec 25, 2024;98,675.91;99,478.75;97,593.47;99,299.20;99,299.20;33,700,394,629
Dec 24, 2024;94,684.34;99,404.06;93,448.02;98,676.09;98,676.09;47,114,953,674
Dec 23, 2024;95,099.39;96,416.21;92,403.13;94,686.24;94,686.24;65,239,002,919
Dec 22, 2024;97,218.32;97,360.27;94,202.19;95,104.94;95,104.94;43,147,981,314
Dec 21, 2024;97,756.20;99,507.10;96,426.52;97,224.73;97,224.73;51,765,334,294
Dec 20, 2024;97,484.70;98,098.91;92,175.18;97,755.93;97,755.93;105,634,083,408
Dec 19, 2024;100,070.69;102,748.15;95,587.68;97,490.95;97,490.95;97,221,662,392
Dec 18, 2024;106,147.30;106,470.61;100,041.54;100,041.54;100,041.54;93,865,656,139
Dec 17, 2024;106,030.69;108,268.45;105,291.73;106,140.60;106,140.60;68,589,364,868
Dec 16, 2024;104,293.58;107,780.58;103,322.98;106,029.72;106,029.72;91,020,417,816
Dec 15, 2024;101,373.53;105,047.54;101,227.03;104,298.70;104,298.70;51,145,914,137
Dec 14, 2024;101,451.44;102,618.88;100,634.05;101,372.97;101,372.97;40,422,968,793
Dec 13, 2024;100,046.65;101,888.80;99,233.28;101,459.26;101,459.26;56,894,751,583
Dec 12, 2024;101,167.80;102,524.91;99,339.95;100,043.00;100,043.00;72,073,983,533
Dec 11, 2024;96,656.06;101,913.36;95,747.23;101,173.03;101,173.03;85,391,409,936
Dec 10, 2024;97,441.23;98,270.16;94,321.26;96,675.43;96,675.43;104,823,780,634
Dec 9, 2024;101,237.06;101,272.51;94,355.91;97,432.72;97,432.72;110,676,473,908
Dec 8, 2024;99,921.91;101,399.99;98,771.52;101,236.02;101,236.02;44,125,751,925
Dec 7, 2024;99,916.71;100,563.38;99,030.88;99,923.34;99,923.34;44,177,510,897
Dec 6, 2024;97,074.23;102,039.88;96,514.88;99,920.71;99,920.71;94,534,772,658
Dec 5, 2024;98,741.54;103,900.47;91,998.78;96,593.57;96,593.57;149,218,945,580
Dec 4, 2024;95,988.53;99,207.33;94,660.52;98,768.53;98,768.53;77,199,817,112
Dec 3, 2024;95,854.59;96,297.20;93,629.56;96,002.16;96,002.16;67,067,810,961
Dec 2, 2024;97,276.01;98,152.60;94,482.87;95,865.30;95,865.30;72,680,784,305
Dec 1, 2024;96,461.34;97,888.13;95,770.19;97,279.79;97,279.79;36,590,695,296
Nov 30, 2024;97,468.81;97,499.34;96,144.22;96,449.05;96,449.05;31,634,227,866
Nov 29, 2024;95,653.95;98,693.17;95,407.88;97,461.52;97,461.52;54,968,682,476
Nov 28, 2024;95,954.95;96,650.20;94,677.35;95,652.47;95,652.47;52,260,008,261
Nov 27, 2024;91,978.14;97,361.18;91,778.66;95,962.53;95,962.53;71,133,452,438
Nov 26, 2024;93,087.28;94,991.75;90,770.81;91,985.32;91,985.32;91,656,519,855
Nov 25, 2024;98,033.45;98,935.03;92,642.91;93,102.30;93,102.30;80,909,462,490
Nov 24, 2024;97,778.09;98,647.18;95,788.08;98,013.82;98,013.82;51,712,020,623
Nov 23, 2024;99,006.74;99,014.68;97,232.89;97,777.28;97,777.28;44,414,644,677
Nov 22, 2024;98,496.43;99,655.50;97,222.66;98,997.66;98,997.66;78,473,580,551
Nov 21, 2024;94,334.64;99,014.22;94,132.60;98,504.73;98,504.73;106,024,505,582
Nov 20, 2024;92,341.89;94,902.02;91,619.50;94,339.49;94,339.49;71,730,956,426
Nov 19, 2024;90,536.81;94,002.87;90,426.98;92,343.79;92,343.79;74,521,048,295
Nov 18, 2024;89,843.72;92,596.79;89,393.59;90,542.64;90,542.64;75,535,775,084
Nov 17, 2024;90,558.46;91,433.04;88,741.66;89,845.85;89,845.85;46,350,159,305
Nov 16, 2024;91,064.37;91,763.95;90,094.23;90,558.48;90,558.48;44,333,192,814
Nov 15, 2024;87,284.18;91,868.74;87,124.90;91,066.01;91,066.01;78,243,109,518
Nov 14, 2024;90,574.88;91,765.22;86,682.81;87,250.43;87,250.43;87,616,705,248
Nov 13, 2024;87,929.97;93,434.35;86,256.93;90,584.16;90,584.16;123,559,027,869
Nov 12, 2024;88,705.56;89,956.88;85,155.11;87,955.81;87,955.81;133,673,285,375
Nov 11, 2024;80,471.41;89,604.50;80,283.25;88,701.48;88,701.48;117,966,845,037
Nov 10, 2024;76,775.55;81,474.42;76,565.43;80,474.19;80,474.19;82,570,594,495
Nov 9, 2024;76,556.19;76,932.77;75,773.79;76,778.87;76,778.87;29,009,480,361
Nov 8, 2024;75,902.84;77,252.75;75,648.74;76,545.48;76,545.48;55,176,858,003
Nov 7, 2024;75,637.09;76,943.12;74,480.42;75,904.86;75,904.86;63,467,654,989
Nov 6, 2024;69,358.50;76,460.16;69,322.03;75,639.08;75,639.08;118,592,653,963
Nov 5, 2024;67,811.17;70,522.79;67,458.87;69,359.56;69,359.56;46,046,889,204
Nov 4, 2024;68,742.13;69,433.18;66,803.65;67,811.51;67,811.51;41,184,819,348
Nov 3, 2024;69,296.38;69,361.66;67,482.52;68,741.12;68,741.12;34,868,307,655
Nov 2, 2024;69,486.02;69,867.35;69,033.72;69,289.27;69,289.27;18,184,612,091
Nov 1, 2024;70,216.90;71,559.02;68,779.70;69,482.47;69,482.47;49,989,795,365
Oct 31, 2024;72,335.05;72,662.31;69,590.50;70,215.19;70,215.19;40,627,912,076
Oct 30, 2024;72,715.37;72,905.30;71,411.73;72,339.54;72,339.54;40,646,637,831
Oct 29, 2024;69,910.05;73,577.21;69,729.91;72,720.49;72,720.49;58,541,874,402
Oct 28, 2024;67,922.67;70,212.27;67,535.13;69,907.76;69,907.76;38,799,856,657
Oct 27, 2024;67,023.48;68,221.31;66,847.23;67,929.30;67,929.30;16,721,307,878
Oct 26, 2024;66,628.73;67,317.92;66,360.59;67,014.70;67,014.70;19,588,098,156
Oct 25, 2024;68,165.30;68,722.16;65,521.79;66,642.41;66,642.41;41,469,984,306
Oct 24, 2024;66,653.70;68,798.96;66,454.10;68,161.05;68,161.05;31,414,428,647
Oct 23, 2024;67,362.38;67,402.74;65,188.04;66,432.20;66,432.20;32,263,980,353
Oct 22, 2024;67,360.70;67,801.58;66,581.37;67,361.41;67,361.41;31,808,472,566
Oct 21, 2024;69,002.00;69,462.73;66,829.85;67,367.85;67,367.85;37,498,611,780
Oct 20, 2024;68,364.18;69,359.01;68,105.72;69,001.70;69,001.70;18,975,847,518
Oct 19, 2024;68,418.98;68,668.01;68,024.64;68,362.73;68,362.73;14,443,497,908
Oct 18, 2024;67,419.11;68,969.75;67,177.82;68,418.79;68,418.79;36,857,165,014
Oct 17, 2024;67,617.08;67,912.21;66,647.39;67,399.84;67,399.84;32,790,898,511
Oct 16, 2024;67,042.46;68,375.29;66,758.73;67,612.72;67,612.72;38,195,189,534
Oct 15, 2024;66,050.37;67,881.68;64,809.20;67,041.11;67,041.11;48,863,870,879
Oct 14, 2024;62,848.40;66,482.49;62,442.15;66,046.13;66,046.13;43,706,958,056
Oct 13, 2024;63,192.95;63,272.65;62,035.64;62,851.38;62,851.38;18,177,529,690
Oct 12, 2024;62,444.62;63,448.79;62,443.27;63,193.02;63,193.02;16,744,110,886
Oct 11, 2024;60,275.46;63,400.87;60,046.13;62,445.09;62,445.09;30,327,141,594
Oct 10, 2024;60,581.93;61,236.72;58,895.21;60,274.50;60,274.50;30,452,813,570
Oct 9, 2024;62,131.73;62,508.84;60,314.61;60,582.10;60,582.10;27,670,982,363
Oct 8, 2024;62,221.64;63,174.30;61,843.56;62,131.97;62,131.97;28,134,475,157
Oct 7, 2024;62,819.11;64,443.71;62,152.55;62,236.66;62,236.66;34,253,562,610
Oct 6, 2024;62,084.99;62,959.57;61,833.15;62,818.95;62,818.95;14,776,233,667
Oct 5, 2024;62,067.61;62,371.02;61,689.58;62,089.95;62,089.95;13,305,410,749
Oct 4, 2024;60,754.63;62,465.99;60,459.94;62,067.48;62,067.48;29,585,472,513
Oct 3, 2024;60,632.48;61,469.04;59,878.80;60,759.40;60,759.40;36,106,447,279
Oct 2, 2024;60,836.32;62,357.69;59,996.95;60,632.79;60,632.79;40,762,722,398
Oct 1, 2024;63,335.61;64,110.98;60,189.28;60,837.01;60,837.01;50,220,923,500
Sep 30, 2024;65,634.66;65,635.05;62,873.62;63,329.50;63,329.50;37,112,957,475
Sep 29, 2024;65,888.90;66,069.34;65,450.02;65,635.30;65,635.30;14,788,214,575
Sep 28, 2024;65,792.18;66,255.53;65,458.04;65,887.65;65,887.65;15,243,637,984
Sep 27, 2024;65,180.66;66,480.70;64,852.99;65,790.66;65,790.66;32,058,813,449
Sep 26, 2024;63,138.55;65,790.80;62,669.27;65,181.02;65,181.02;36,873,129,847
Sep 25, 2024;64,302.59;64,804.50;62,945.38;63,143.14;63,143.14;25,078,377,700
Sep 24, 2024;63,326.84;64,695.21;62,737.42;64,301.97;64,301.97;29,938,335,243
Sep 23, 2024;63,643.10;64,733.56;62,628.08;63,329.80;63,329.80;31,400,285,425
Sep 22, 2024;63,396.80;63,993.42;62,440.73;63,648.71;63,648.71;20,183,348,802
Sep 21, 2024;63,184.34;63,543.36;62,783.11;63,394.84;63,394.84;14,408,616,220
Sep 20, 2024;62,941.43;64,119.53;62,364.61;63,192.98;63,192.98;35,177,164,222
Sep 19, 2024;61,651.16;63,872.44;61,609.87;62,940.46;62,940.46;42,710,252,573
Sep 18, 2024;60,309.00;61,664.07;59,218.25;61,649.68;61,649.68;40,990,702,891
Sep 17, 2024;58,192.51;61,316.09;57,628.07;60,308.54;60,308.54;38,075,570,118
Sep 16, 2024;59,185.23;59,205.51;57,501.34;58,192.51;58,192.51;32,032,822,113
Sep 15, 2024;60,000.73;60,381.92;58,696.31;59,182.84;59,182.84;18,120,960,867
Sep 14, 2024;60,569.12;60,656.72;59,517.88;60,005.12;60,005.12;16,428,405,496
Sep 13, 2024;58,130.32;60,648.02;57,650.11;60,571.30;60,571.30;32,490,528,356
Sep 12, 2024;57,343.17;58,534.36;57,330.10;58,127.01;58,127.01;33,835,707,949
Sep 11, 2024;57,650.29;57,991.32;55,567.34;57,343.17;57,343.17;37,049,062,672
Sep 10, 2024;57,020.10;58,029.98;56,419.41;57,648.71;57,648.71;28,857,630,507
Sep 9, 2024;54,851.89;58,041.13;54,598.43;57,019.54;57,019.54;34,618,096,173
Sep 8, 2024;54,147.93;55,300.86;53,653.76;54,841.57;54,841.57;18,268,287,531
Sep 7, 2024;53,949.09;54,838.14;53,740.07;54,139.69;54,139.69;19,061,486,526
Sep 6, 2024;56,160.19;56,976.11;52,598.70;53,948.75;53,948.75;49,361,693,566
Sep 5, 2024;57,971.70;58,300.58;55,712.45;56,160.49;56,160.49;31,030,280,656
Sep 4, 2024;57,430.35;58,511.57;55,673.16;57,971.54;57,971.54;35,627,680,312
Sep 3, 2024;59,106.19;59,815.06;57,425.17;57,431.02;57,431.02;26,666,961,053
Sep 2, 2024;57,326.97;59,403.07;57,136.03;59,112.48;59,112.48;27,036,454,524
Sep 1, 2024;58,969.80;59,062.07;57,217.82;57,325.49;57,325.49;24,592,449,997
Aug 31, 2024;59,117.48;59,432.59;58,768.79;58,969.90;58,969.90;12,403,470,760
Aug 30, 2024;59,388.60;59,896.89;57,768.53;59,119.48;59,119.48;32,292,756,405
Aug 29, 2024;59,027.47;61,184.08;58,786.23;59,388.18;59,388.18;32,224,990,582
Aug 28, 2024;59,507.93;60,236.45;57,890.68;59,027.63;59,027.63;40,289,564,698
Aug 27, 2024;62,879.71;63,210.80;58,116.75;59,504.13;59,504.13;39,103,882,198
Aug 26, 2024;64,342.23;64,489.71;62,849.56;62,880.66;62,880.66;27,682,040,631
Aug 25, 2024;64,176.37;64,996.42;63,833.52;64,333.54;64,333.54;18,827,683,555
Aug 24, 2024;64,103.87;64,513.79;63,619.92;64,178.99;64,178.99;21,430,585,163
Aug 23, 2024;60,380.95;64,947.06;60,372.05;64,094.36;64,094.36;42,530,509,233
Aug 22, 2024;61,168.32;61,408.11;59,815.25;60,381.91;60,381.91;27,625,734,377
Aug 21, 2024;59,014.99;61,834.35;58,823.45;61,175.19;61,175.19;32,731,154,072
Aug 20, 2024;59,493.45;61,396.33;58,610.88;59,012.79;59,012.79;31,613,400,008
Aug 19, 2024;58,480.71;59,612.66;57,864.71;59,493.45;59,493.45;25,911,207,712
Aug 18, 2024;59,468.13;60,262.72;58,445.40;58,483.96;58,483.96;17,740,625,837
Aug 17, 2024;58,893.53;59,694.67;58,814.83;59,478.97;59,478.97;13,589,684,021
Aug 16, 2024;57,560.27;59,847.36;57,110.02;58,894.11;58,894.11;29,350,938,673
Aug 15, 2024;58,733.26;59,838.65;56,161.59;57,560.10;57,560.10;35,682,112,440
Aug 14, 2024;60,611.05;61,687.76;58,472.88;58,737.27;58,737.27;29,961,696,180
Aug 13, 2024;59,356.21;61,572.40;58,506.25;60,609.57;60,609.57;30,327,698,167
Aug 12, 2024;58,719.39;60,680.33;57,688.90;59,354.52;59,354.52;37,078,637,820
Aug 11, 2024;60,944.89;61,778.66;58,348.82;58,719.48;58,719.48;22,759,754,812
Aug 10, 2024;60,881.23;61,464.51;60,287.57;60,945.81;60,945.81;15,745,822,278
Aug 9, 2024;61,728.21;61,751.86;59,587.86;60,880.11;60,880.11;33,425,553,115
Aug 8, 2024;55,030.03;62,673.77;54,766.73;61,710.14;61,710.14;45,298,472,567
Aug 7, 2024;56,040.63;57,726.88;54,620.51;55,027.46;55,027.46;41,637,562,185
Aug 6, 2024;53,991.35;57,059.92;53,973.27;56,034.32;56,034.32;49,300,484,106
Aug 5, 2024;58,110.30;58,268.83;49,121.24;53,991.46;53,991.46;108,991,085,584
Aug 4, 2024;60,676.09;61,062.99;57,210.80;58,116.98;58,116.98;31,758,917,219
Aug 3, 2024;61,414.81;62,148.37;59,836.53;60,680.09;60,680.09;31,753,030,589
Aug 2, 2024;65,353.50;65,523.22;61,184.89;61,415.07;61,415.07;43,060,875,727
Aug 1, 2024;64,625.84;65,593.24;62,248.94;65,357.50;65,357.50;40,975,554,494
Jul 31, 2024;66,201.27;66,810.21;64,532.05;64,619.25;64,619.25;31,292,785,994
Jul 30, 2024;66,819.05;66,987.67;65,323.19;66,201.02;66,201.02;31,380,492,109
Jul 29, 2024;68,259.05;69,987.54;66,532.59;66,819.91;66,819.91;40,780,682,628
Jul 28, 2024;67,808.66;68,301.85;67,085.83;68,255.87;68,255.87;18,043,166,945
Jul 27, 2024;67,911.81;69,398.51;66,705.22;67,813.34;67,813.34;34,691,905,492
Jul 26, 2024;65,771.81;68,207.60;65,743.77;67,912.06;67,912.06;30,488,630,457
Jul 25, 2024;65,375.88;66,112.42;63,473.47;65,777.23;65,777.23;38,315,761,670
Jul 24, 2024;65,927.86;67,113.98;65,147.00;65,372.13;65,372.13;27,470,942,309
Jul 23, 2024;67,584.80;67,779.02;65,484.46;65,927.67;65,927.67;35,605,668,666
Jul 22, 2024;68,152.98;68,480.06;66,611.30;67,585.25;67,585.25;42,649,109,453
Jul 21, 2024;67,164.91;68,372.91;65,842.30;68,154.52;68,154.52;26,652,190,004
Jul 20, 2024;66,709.92;67,610.73;66,299.62;67,163.65;67,163.65;19,029,581,250
Jul 19, 2024;63,972.32;67,442.64;63,329.34;66,710.16;66,710.16;37,003,855,410
Jul 18, 2024;64,104.74;65,104.66;63,246.16;63,974.07;63,974.07;27,239,305,337
Jul 17, 2024;65,091.83;66,066.73;63,896.09;64,118.79;64,118.79;32,525,071,311
Jul 16, 2024;64,784.42;65,354.34;62,487.97;65,097.15;65,097.15;41,617,346,768
Jul 15, 2024;60,815.46;64,870.15;60,704.93;64,870.15;64,870.15;38,094,526,099
Jul 14, 2024;59,225.25;61,329.53;59,225.25;60,787.79;60,787.79;22,223,416,061
Jul 13, 2024;57,908.74;59,787.08;57,796.44;59,231.95;59,231.95;17,080,061,806
Jul 12, 2024;57,341.20;58,532.55;56,590.18;57,899.46;57,899.46;25,604,805,221
Jul 11, 2024;57,729.89;59,299.43;57,120.38;57,344.91;57,344.91;28,707,803,842
Jul 10, 2024;58,033.88;59,359.43;57,178.41;57,742.50;57,742.50;26,175,260,526
Jul 9, 2024;56,704.60;58,239.20;56,316.88;58,009.23;58,009.23;27,849,512,607
Jul 8, 2024;55,849.57;58,131.34;54,321.02;56,705.10;56,705.10;39,766,159,899
Jul 7, 2024;58,239.43;58,371.12;55,793.32;55,849.11;55,849.11;20,553,359,505
Jul 6, 2024;56,659.07;58,472.55;56,038.96;58,303.54;58,303.54;20,610,320,577
Jul 5, 2024;57,022.81;57,497.15;53,717.38;56,662.38;56,662.38;55,417,544,033
Jul 4, 2024;60,147.14;60,399.68;56,777.80;56,977.70;56,977.70;41,149,609,230
Jul 3, 2024;62,034.33;62,187.70;59,419.39;60,173.92;60,173.92;29,756,701,685
Jul 2, 2024;62,844.41;63,203.36;61,752.75;62,029.02;62,029.02;20,151,616,992
Jul 1, 2024;62,673.61;63,777.23;62,495.51;62,851.98;62,851.98;25,468,379,421
Jun 30, 2024;60,888.45;62,892.83;60,632.95;62,678.29;62,678.29;17,333,226,409
Jun 29, 2024;60,319.88;61,097.62;60,300.96;60,887.38;60,887.38;12,652,903,396
Jun 28, 2024;61,612.80;62,126.10;59,985.40;60,320.14;60,320.14;24,952,866,877
Jun 27, 2024;60,811.23;62,293.86;60,585.33;61,604.80;61,604.80;21,231,745,045
Jun 26, 2024;61,789.68;62,434.14;60,695.19;60,811.28;60,811.28;22,506,003,064
Jun 25, 2024;60,266.28;62,258.26;60,239.75;61,804.64;61,804.64;29,201,215,431
Jun 24, 2024;63,173.35;63,292.53;58,601.70;60,277.41;60,277.41;43,152,133,651
Jun 23, 2024;64,248.96;64,491.70;63,180.80;63,180.80;63,180.80;11,170,471,802
Jun 22, 2024;64,113.86;64,475.47;63,929.76;64,252.58;64,252.58;9,858,198,793
Jun 21, 2024;64,837.99;65,007.55;63,378.89;64,096.20;64,096.20;26,188,171,739
Jun 20, 2024;64,960.30;66,438.96;64,547.85;64,828.66;64,828.66;25,641,109,124
Jun 19, 2024;65,146.66;65,695.35;64,693.30;64,960.30;64,960.30;21,103,423,504
Jun 18, 2024;66,490.98;66,556.70;64,066.96;65,140.75;65,140.75;39,481,285,950
Jun 17, 2024;66,636.52;67,188.32;65,094.96;66,490.30;66,490.30;30,006,354,476
Jun 16, 2024;66,189.36;66,894.84;66,018.25;66,639.05;66,639.05;13,281,140,541
Jun 15, 2024;66,006.74;66,402.19;65,871.77;66,191.00;66,191.00;14,121,265,576
Jun 14, 2024;66,747.57;67,294.65;65,056.89;66,011.09;66,011.09;27,403,884,779
Jun 13, 2024;68,243.10;68,365.78;66,304.56;66,756.40;66,756.40;28,955,204,146
Jun 12, 2024;67,321.38;69,977.89;66,902.45;68,241.19;68,241.19;34,497,940,694
Jun 11, 2024;69,508.08;69,549.41;66,123.60;67,332.03;67,332.03;37,116,136,345
Jun 10, 2024;69,644.31;70,146.07;69,232.42;69,512.28;69,512.28;20,597,699,541
Jun 9, 2024;69,297.49;69,817.52;69,160.84;69,647.99;69,647.99;13,534,028,500
Jun 8, 2024;69,324.18;69,533.32;69,210.74;69,305.77;69,305.77;14,262,185,861
Jun 7, 2024;70,759.19;71,907.85;68,507.26;69,342.59;69,342.59;36,188,381,096
Jun 6, 2024;71,082.84;71,625.73;70,119.13;70,757.16;70,757.16;25,223,152,007
Jun 5, 2024;70,568.35;71,735.41;70,390.71;71,082.82;71,082.82;32,810,771,409
Jun 4, 2024;68,804.57;71,047.41;68,564.64;70,567.77;70,567.77;33,149,696,545
Jun 3, 2024;67,753.90;70,230.82;67,589.84;68,804.78;68,804.78;32,401,285,324
Jun 2, 2024;67,710.27;68,409.16;67,315.52;67,751.60;67,751.60;17,110,588,415
Jun 1, 2024;67,489.61;67,839.77;67,386.20;67,706.94;67,706.94;11,641,495,604
May 31, 2024;68,362.52;68,999.56;66,633.42;67,491.41;67,491.41;27,387,283,769
May 30, 2024;67,576.09;69,500.54;67,118.08;68,364.99;68,364.99;29,509,712,534
May 29, 2024;68,296.35;68,852.46;67,101.49;67,578.09;67,578.09;26,707,072,906
May 28, 2024;69,392.20;69,514.64;67,227.16;68,296.22;68,296.22;32,722,265,965
May 27, 2024;68,512.18;70,597.88;68,232.50;69,394.55;69,394.55;25,870,990,717
May 26, 2024;69,264.29;69,506.23;68,183.89;68,518.09;68,518.09;15,628,433,737
May 25, 2024;68,526.92;69,579.32;68,515.82;69,265.95;69,265.95;15,473,071,741
May 24, 2024;67,928.13;69,220.30;66,622.67;68,526.10;68,526.10;29,197,308,153
May 23, 2024;69,121.30;70,041.27;66,356.95;67,929.56;67,929.56;41,895,680,979
May 22, 2024;70,135.32;70,623.70;68,977.70;69,122.34;69,122.34;32,802,561,717
May 21, 2024;71,443.06;71,946.46;69,191.13;70,136.53;70,136.53;46,932,005,990
May 20, 2024;66,278.74;71,483.56;66,086.17;71,448.20;71,448.20;43,850,655,717
May 19, 2024;66,937.93;67,694.30;65,937.18;66,278.37;66,278.37;19,249,094,538
May 18, 2024;67,066.21;67,387.33;66,663.50;66,940.80;66,940.80;16,712,277,406
May 17, 2024;65,231.30;67,459.46;65,119.32;67,051.88;67,051.88;28,031,279,310
May 16, 2024;66,256.11;66,712.43;64,613.05;65,231.58;65,231.58;31,573,077,994
May 15, 2024;61,553.99;66,454.45;61,330.41;66,267.49;66,267.49;39,815,167,074
May 14, 2024;62,900.77;63,092.13;61,123.77;61,552.79;61,552.79;28,186,271,527
May 13, 2024;61,451.22;63,422.66;60,769.84;62,901.45;62,901.45;27,889,181,179
May 12, 2024;60,793.50;61,818.16;60,632.60;61,448.39;61,448.39;13,800,459,405
May 11, 2024;60,793.36;61,451.15;60,492.63;60,793.71;60,793.71;13,842,272,968
May 10, 2024;63,055.19;63,446.74;60,208.78;60,792.78;60,792.78;27,804,954,694
May 9, 2024;61,191.20;63,404.91;60,648.07;63,049.96;63,049.96;25,453,338,161
May 8, 2024;62,332.64;62,986.09;60,877.13;61,187.94;61,187.94;26,088,172,222
May 7, 2024;63,162.76;64,390.46;62,285.98;62,334.82;62,334.82;25,930,730,982
May 6, 2024;64,038.31;65,494.90;62,746.24;63,161.95;63,161.95;28,697,928,697
May 5, 2024;63,892.45;64,610.89;62,955.30;64,031.13;64,031.13;18,296,164,805
May 4, 2024;62,891.03;64,494.96;62,599.35;63,891.47;63,891.47;20,620,477,992
May 3, 2024;59,122.30;63,320.50;58,848.31;62,889.84;62,889.84;33,172,023,048
May 2, 2024;58,253.70;59,602.30;56,937.20;59,123.43;59,123.43;32,711,813,559
May 1, 2024;60,609.50;60,780.50;56,555.29;58,254.01;58,254.01;48,439,780,271
Apr 30, 2024;63,839.42;64,703.33;59,120.07;60,636.86;60,636.86;37,840,840,057
Apr 29, 2024;63,106.36;64,174.88;61,795.46;63,841.12;63,841.12;26,635,912,073
Apr 28, 2024;63,423.52;64,321.48;62,793.60;63,113.23;63,113.23;17,334,827,993
Apr 27, 2024;63,750.99;63,898.36;62,424.72;63,419.14;63,419.14;19,530,783,039
Apr 26, 2024;64,485.37;64,789.66;63,322.40;63,755.32;63,755.32;24,139,372,950
Apr 25, 2024;64,275.02;65,275.21;62,783.63;64,481.71;64,481.71;32,155,786,816
Apr 24, 2024;66,408.72;67,075.37;63,589.87;64,276.90;64,276.90;30,276,655,120
Apr 23, 2024;66,839.89;67,199.24;65,864.87;66,407.27;66,407.27;24,310,975,583
Apr 22, 2024;64,935.63;67,233.96;64,548.18;66,837.68;66,837.68;28,282,686,673
Apr 21, 2024;64,992.82;65,723.24;64,277.72;64,926.64;64,926.64;20,506,644,853
Apr 20, 2024;63,851.10;65,442.46;63,172.40;64,994.44;64,994.44;23,097,485,495
Apr 19, 2024;63,510.75;65,481.60;59,651.39;63,843.57;63,843.57;49,920,425,401
Apr 18, 2024;61,275.32;64,125.69;60,833.48;63,512.75;63,512.75;36,006,307,335
Apr 17, 2024;63,831.85;64,486.36;59,768.59;61,276.69;61,276.69;41,915,247,049
Apr 16, 2024;63,419.30;64,355.67;61,716.40;63,811.86;63,811.86;42,847,528,078
